{"mean": [0.001416799846943745, 0.0008137356923222909, 0.0028387835098239497, 0.0016445260276149996, 0.004308837077144757, 0.0024675862181775254, 0.007396904692827947, 0.004129296527567891, 0.015447362638643363, 0.00828301378690346, 0.032924228513205214, 0.016246470726269505, 1.0018620442393948, 1.004430863786839, 1.0096678297352724, 1.025357306738407, 1.0020291493479632, 1.0040002578590494, 1.0120343912728746, 53.0263610842034, 52.677263674214785, 52.36169021779068, 3.0837983596417735, 0.739690467178842, 5.939648219528989, 1.5447362589593998, 10.969639269487073, 3.2924228403672045, 3.7507271077456883, 3.6603849303570297, 0.09034217738865953, 0.09034217738865953, 0.3566008623607729, 0.3734370366429609, 0.38444758661199907, 32.02534800682826, 31.962040498055202, 31.907946566178705, 0.033899233058938424, 0.03367658963602885, 0.5473601560530594, 0.16929697413236414, 33.183754158464815, 0.564343265430222, 1.0114908691356244, 0.6853343878614346, 0.02169034856406134, 0.25719904984912695, 0.2777631444988745, 0.5082526169482692, 0.45028884159318944, 0.5212287712287712, 0.040179955499140184, 1.0431265862991281, -0.009516479624682396], "scale": [0.03676701081870519, 0.03421543925204512, 0.05391624839445562, 0.04760972712989671, 0.06707611384848895, 0.05889823213985957, 0.09204792853506719, 0.07766601218416654, 0.14718103459984327, 0.11232736725401554, 0.2526461193744858, 0.16452546354878503, 0.03811034886662054, 0.061875023944000095, 0.09735091088538626, 0.17831140993722738, 0.03204402729639258, 0.04597166044887268, 0.09177921592551411, 17.45546090133947, 13.21873887114434, 11.636965310144891, 342.815824684498, 9.204792821112937, 495.06001632372323, 14.718103386711727, 705.4904343453838, 25.264611810412177, 186.23282519640776, 176.65166946057204, 51.54345276931059, 51.54345276931059, 0.45420877048693786, 0.44033245157141443, 0.42883647616867676, 234.02171376905005, 230.0312685375195, 228.17757181422473, 0.03653400158158677, 0.03412708931461125, 0.32918398086039713, 0.20404294811586932, 13.063121236935201, 0.39613858753137327, 0.39197209226217494, 201.53626069339066, 0.5333481910304787, 0.20482341022391362, 0.20978972032403304, 0.4999318896744887, 0.49752266353388663, 0.49954913599376444, 0.8856345889683092, 2.3724032966532462, 0.9780825481200961], "feature_names": ["returns_1d", "log_returns_1d", "returns_2d", "log_returns_2d", "returns_3d", "log_returns_3d", "returns_5d", "log_returns_5d", "returns_10d", "log_returns_10d", "returns_20d", "log_returns_20d", "price_to_sma5", "price_to_sma10", "price_to_sma20", "price_to_sma50", "sma_5_10_cross", "sma_10_20_cross", "sma_20_50_cross", "rsi_7", "rsi_14", "rsi_21", "momentum_5d", "roc_5d", "momentum_10d", "roc_10d", "momentum_20d", "roc_20d", "macd", "macd_signal", "macd_histogram", "macd_cross", "volatility_5d", "volatility_10d", "volatility_20d", "atr_5", "atr_10", "atr_14", "atr_pct_5", "atr_pct_14", "bb_position", "bb_width", "adx_14", "trend_strength", "volume_ratio", "obv_change", "body_ratio", "upper_shadow", "lower_shadow", "higher_high", "lower_low", "higher_close", "skewness", "kurtosis", "zscore"]}