{
  "version": "20260104",
  "timestamp": "2026-01-04T17:21:45.548348",
  "models": {
    "sgd": {
      "file": "online/sgd_weights.json",
      "metrics": {
        "accuracy": 0.5236709520500348,
        "precision": 0.5220039591898888,
        "recall": 0.5938501515807709,
        "f1_score": 0.5556140848494672,
        "roc_auc": 0.533668686272192,
        "samples_trained": 92092
      }
    },
    "passiveAggressive": {
      "file": "online/pa_weights.json",
      "metrics": {
        "accuracy": 0.4933547602501737,
        "precision": 0.49111637548119635,
        "recall": 0.2873105240363794,
        "f1_score": 0.3625334717744139,
        "roc_auc": 0.48556830253720706,
        "samples_trained": 92092
      }
    }
  },
  "featureCount": 55
}