{"mean": [0.0014275391461150719, 0.0008246885612690328, 0.00285153949850999, 0.0016574741338967632, 0.004327964230290876, 0.0024876275009653257, 0.007444333035387661, 0.004179633276977307, 0.015538099260073077, 0.008377067032254607, 0.03315483346596294, 0.01648478276349104, 1.001877132073623, 1.0044747879636273, 1.0097857884007013, 1.0255915082198555, 1.0020584451427192, 1.004075036441954, 1.0121498429179663, 53.07711624027273, 52.70605535145752, 52.402681280953054, 3.0690091572019096, 0.7444333014361814, 6.127808959783521, 1.5538099211050966, 11.69215864020605, 3.3154833356491404, 3.9433246932910277, 3.839660455747117, 0.1036642375439116, 0.1036642375439116, 0.3564484720592902, 0.37326856125773283, 0.38428720325940385, 32.11305151614157, 32.06158291438502, 32.01480141035461, 0.033888248375461165, 0.033664488719980706, 0.5477549393269898, 0.1692993871030902, 33.1437228194757, 0.5654379530361561, 1.0112374160653332, 0.6442380102581341, 0.022131830917280992, 0.25716350599557314, 0.2777794401007614, 0.5083662485350927, 0.45003038326316247, 0.521365944702461, 0.04081182894907426, 1.0453807976995457, -0.009120111312379735, -0.0680827604496872, -0.07088885455303388, -0.09793818655419526, -0.05639055688582512, 0.04081182894907426, 0.4975737243319615, 0.2095752560288339, 0.2892388109949554, -2.746892651671199e-07, 0.05350420433113516, 0.12702438758736914, 1.0054885785969836, 0.23002300447068016, 0.0, 0.0, 0.0], "scale": [0.03676001358373213, 0.03420896862242264, 0.053909143667069885, 0.047605834331357656, 0.06705750497530077, 0.058882758956725116, 0.09200697078012035, 0.07762676799650939, 0.14713405724588557, 0.11229402297452858, 0.25255550385692715, 0.16445732810438535, 0.03809962388660028, 0.06185097347513259, 0.09731739719551281, 0.1782650458703076, 0.03202969162303891, 0.04596690296634929, 0.09176991813713972, 17.43397445662099, 13.218290342363174, 11.632814360737086, 342.740543132078, 9.20069704562736, 495.5234455923646, 14.713405651346203, 709.3797819880176, 25.25555025870856, 187.2551320119113, 177.5881104860064, 51.581783084985, 51.581783084985, 0.4540981408620257, 0.4401730907600141, 0.4286892749230817, 234.2042739808303, 230.29541130782619, 228.4909883092396, 0.03652488491387132, 0.034117404087150145, 0.32901680747172396, 0.20400520486429563, 13.0596033614524, 0.3959481539057306, 0.3918232267374543, 200.00613967869586, 0.5333143363615395, 0.20479928062448266, 0.20968849551242966, 0.49993000098558704, 0.4974967712489938, 0.499543287820957, 0.8865646688203092, 2.3759631270842196, 0.9781248004862152, 0.3687036603268403, 0.21214524780346777, 0.12824291377764577, 0.07989752206013095, 0.8865646688203092, 3.665868915138036, 1.299033755535567, 1.0747588619317534, 0.12544888082958147, 1.0145115934848647, 1.0113738562856105, 0.41025608229916194, 0.4208472666953673, 1.0, 1.0, 1.0], "feature_names": ["returns_1d", "log_returns_1d", "returns_2d", "log_returns_2d", "returns_3d", "log_returns_3d", "returns_5d", "log_returns_5d", "returns_10d", "log_returns_10d", "returns_20d", "log_returns_20d", "price_to_sma5", "price_to_sma10", "price_to_sma20", "price_to_sma50", "sma_5_10_cross", "sma_10_20_cross", "sma_20_50_cross", "rsi_7", "rsi_14", "rsi_21", "momentum_5d", "roc_5d", "momentum_10d", "roc_10d", "momentum_20d", "roc_20d", "macd", "macd_signal", "macd_histogram", "macd_cross", "volatility_5d", "volatility_10d", "volatility_20d", "atr_5", "atr_10", "atr_14", "atr_pct_5", "atr_pct_14", "bb_position", "bb_width", "adx_14", "trend_strength", "volume_ratio", "obv_change", "body_ratio", "upper_shadow", "lower_shadow", "higher_high", "lower_low", "higher_close", "skewness", "kurtosis", "zscore", "vol_term_structure", "momentum_persistence", "drawdown_60d", "drawdown_20d", "return_skew_20d", "volume_momentum_10d", "mean_reversion_signal", "trend_strength_20d", "momentum_acceleration", "return_vol_normalized_1d", "return_vol_normalized_5d", "vol_regime", "is_crypto", "is_forex", "is_equity", "is_commodity"]}